﻿num,title,author,date,source,section,link
1,A New Immersive Art Experience Allows Audiences to Enter the Fabled Tomb of the Boy King Tutankhamun,Sarah Cascone,2022-03-23,artnet,Shows & Exhibitions,https://news.artnet.com/art-world/beyond-king-tut-immersive-experience-2088988
2,"An Artist and Chef Collaborated to Imagine the Dinner of the Future. It Involves Animation, Virtual Reality, and… Not Being Able to See Your Food",Sarah Cascone,2022-12-01,artnet,Science & Tech,https://news.artnet.com/art-world/virtual-reality-art-dinner-aerobanquets-2220630
3,"In Pictures: Before Virtual Reality, There Was M.C. Escher—See Mind-Bending Drawings From a Major New Survey of This ‘One-Man Art Movement’",Dorian Batycka,2022-08-17,artnet,Shows & Exhibitions,https://news.artnet.com/art-world/in-pictures-mc-escher-houston-2160883
4,Olafur Eliasson Has Launched a New Virtual Reality Artwork and Is Minting His First NFT—Thanks to a Commission from $69M Beeple Buyer Metakovan,Dorian Batycka,2022-09-05,artnet,Science & Tech,https://news.artnet.com/art-world/metakovan-olafur-eliason-2170235
5,The V&A Museum Is Inviting Audiences Down the Rabbit Hole to Experience Its ‘Alice in Wonderland’ Show in Virtual Reality,Naomi Rea,2020-09-22,artnet,Art World,https://news.artnet.com/market/untitled-new-virtual-reality-art-fair-1863774
6,"In the Changed World After Lockdown, We Will Need Smarter New Ways to Interact With Art. I Believe Virtual Reality Is the Answer",Daniel Birnbaum,2020-04-21,artnet,Opinion,https://news.artnet.com/opinion/will-need-new-ways-interact-art-lockdown-believe-virtual-reality-answer-1839591
7,Untitled Is Bringing the First-Ever Art Fair to Take Place in Virtual Reality to Your Screen This Summer,Eileen Kinsella,2020-05-18,artnet,Art Fairs,https://news.artnet.com/market/untitled-new-virtual-reality-art-fair-1863774
8,"Why Hauser & Wirth Is Investing Big in a Virtual Reality Tool That Can Plan Shows, Calculate Fair Logistics, and Even Host Residencies",Eileen Kinsella,2020-04-09,artnet,Art Fairs,https://news.artnet.com/art-world/hauser-wirth-launches-virutal-reality-platform-1829160
9,‘You Can Slow Down Time in Virtual Reality’: Why This Artist Is Using VR to Recreate Lost Ecosystems in the Era of Climate Change,Jiayin Chen,2020-01-08,artnet,People,https://news.artnet.com/art-world/jakob-kudsk-steensen-vr-1748265
10,How War Photographer Julia Leeb Is Using Virtual Reality and Art to Let Comfortable People Experience the Terror of Conflict Zones,Sophie Neuendorf ,2019-05-27,artnet,People,https://news.artnet.com/art-world/sophie-neuendorf-on-julia-leeb-1552957
11,The Mona Lisa Will Emerge From Behind Its Bullet-Proof Glass in the Louvre’s First-Ever Virtual Reality Experience,Naomi Rea,2019-06-17,artnet,Art World,https://news.artnet.com/art-world/louvre-leonardo-da-vinci-virtual-reality-1575859
12,‘It’s a Glimpse of Things to Come’: A Show of Virtual Reality Art Offers Collectors a Look Into the Future at Frieze New York,Javier Pes,2019-04-30,artnet,Art Fairs,https://news.artnet.com/market/virtual-reality-art-frieze-new-york-1530907
13,David Hockney on the Imperialism of Western Perspective in Art and the Benefits of Virtual Reality (for Porn),Caroline Goldstein,2017-11-22,artnet,Art World,https://news.artnet.com/art-world/david-hockney-on-virtual-reality-photography-and-the-imperialism-of-european-perspective-1154810
14,Alejandro González Iñárritu on Why Artists Should Embrace the ‘Transcendental and Powerful’ Technology of Virtual Reality,Janelle Zara,2017-12-01,artnet,Art World,https://news.artnet.com/art-world/1166630-1166630
15,Artist Mel Chin Floods Times Square With Virtual Reality Art to Sound the Alarm on Climate Change,Sarah Cascone,2018-07-12,artnet,On View,https://news.artnet.com/art-world/mel-chin-confronts-climate-change-times-square-virtual-reality-artwork-1317413
16,Market for Virtual Reality Art Gets Tested at Moving Image Fair,Brian Boucher,2017-02-28,artnet,Art Fairs,https://news.artnet.com/market/moving-image-virtual-reality-art-873725
17,The Newest Home for Rembrandt and the Dutch Masters Is Gorgeous Outer-Space Museum (Thanks to Virtual Reality),Brian Boucher,2017-11-02,artnet,Art World,https://news.artnet.com/art-world/rembrandt-dutch-masters-virtual-reality-1132646
18,You Can Now Experience Kerry James Marshall’s Major Retrospective Through the Magic of Virtual Reality,Naomi Rea,2017-11-07,artnet,Art World,https://news.artnet.com/art-world/experience-kerry-james-marshall-mastry-vr-1140995
19,Inside Björk’s Moving Virtual Reality Exhibition in London,Lorena Muñoz-Alonso,2016-09-01,artnet,Reviews,https://news.artnet.com/art-world/inside-bjorks-new-london-exhibition-628592
20,Will Virtual Reality Art Destroy Visual Art?,Ben Davis,2016-08-02,artnet,Reviews,https://news.artnet.com/art-world/will-virtual-reality-destroy-real-art-584384
21,Rembrandt’s Virtual Reality,Blake Gopnik,2016-06-24,artnet,On View,https://news.artnet.com/art-world/rembrandt-judas-morgan-library-525923
22,Amazing New Samsung Virtual Reality Headset Lets You Step Into Vincent van Gogh Painting,Christie Chu,2015-05-14,artnet,People,https://news.artnet.com/art-world/vincent-van-gogh-virtual-reality-297992
23,Artist to Live in Virtual Reality for 28 Days Straight,Coline Milliard,2014-11-19,artnet,Galleries,https://news.artnet.com/market/artist-to-live-in-virtual-reality-for-28-days-straight-173890
24,Hilma af Klint Fantasized About a Spiral Temple for Her Art. A New Virtual-Reality Experience Lets You Step Inside It,Jo Lawson-Tancred,2022-09-28,artnet,Art World,https://news.artnet.com/art-world/hilma-af-klint-vr-frieze-2183219
25,"In Pictures: A Show Dedicated to Ramses the Great Offers Up Ancient Egyptian Statuary, Glittering Jewelry—and a Virtual-Reality Experience",Caroline Goldstein,2022-09-09,artnet,Museums,https://news.artnet.com/art-world/ramses-the-great-show-in-pictures-2165575
26,A Famous Art Dealer’s Son Is Launching a New Platform for Galleries to Create Virtual-Reality Exhibitions Using 3D-Scanning Technology,Naomi Rea,2020-03-24,artnet,Art World,https://news.artnet.com/art-world/new-extended-reality-app-1812807
27,Machu Picchu Is Sending Inca Empire Treasures on Tour for a Rare Series of International Exhibitions and Virtual-Reality Experiences,Sarah Cascone,2021-10-18,artnet,Shows & Exhibitions,https://news.artnet.com/art-world/machu-picchu-and-the-golden-empires-of-peru-2019612
28,KAWS Just Entered the Augmented Reality Game With Giant Virtual Sculptures That You Can See—and Buy—in 11 Major Cities,Naomi Rea,2020-03-12,artnet,Art World,https://news.artnet.com/art-world/kaws-augmented-reality-1800375
29,Step Inside King Tut’s Tomb With This New Virtual-Reality Experience—Possibly the Best Part of London’s Tutankhamun Blockbuster,Naomi Rea,2019-11-27,artnet,Shows & Exhibitions,https://news.artnet.com/art-world/virtual-reality-king-tut-1716471
30,The Artist Is Not Present: How Marina Abramović Used Mixed Reality to Create a Hyper-realistic Virtual Performance,Naomi Rea,2019-02-18,artnet,On View,https://news.artnet.com/art-world/marina-abramovic-mixed-reality-performance-1467001
31,Want to Wear Van Gogh’s Hat? A New App From the Met Invites Users to Virtually Interact With the Museum’s Costumes and Collections,Sarah Cascone,2023-08-02,artnet,Art World,https://news.artnet.com/art-world/met-museum-roblox-augmented-reality-app-2344784
32,Save the Planet—and Marina Abramović’s Avatar—From Rising Water Levels in the Artist’s First Virtual-Reality Work,Javier Pes,2018-03-07,artnet,Art World,https://news.artnet.com/art-world/save-planet-marina-abramovics-avatar-artists-first-vr-work-1238081
33,The Late Composer Ryuichi Sakamoto’s Final Concert Will Air at the Shed—in a World-First Mixed Reality Installation,Min Chen,2023-06-01,artnet,Shows & Exhibitions,https://news.artnet.com/art-world/ryuichi-sakamoto-tin-drum-mixed-reality-the-shed-2312616
34,"‘The Exhibit’ Finale Recap: Behold, the Reality Show Has Crowned the Next Great American Artist",Min Chen,2023-04-10,artnet,Pop Culture,https://news.artnet.com/art-world/the-exhibit-ep6-recap-mtv-hirshhorn-2282718
35,Meet the Robotics Company Beloved by Generative Artists for Transforming Their Digital Art Into Physical Reality,Min Chen,2023-04-12,artnet,Science & Tech,https://news.artnet.com/art-world/artmatr-robotics-painting-2283596
36,"Digital Art Star Krista Kim Dreams of the Metaverse as a Space for High-Fidelity, Immersive Art Experiences. Can She Make It a Reality?",Richard Whiddington,2022-11-22,artnet,NFTs,https://news.artnet.com/market/krista-kim-zero-metaverse-orb-interoperability-2214918
37,‘It’s Just a Different Way of Reaching People’: KAWS on Why He Teamed Up With ‘Fortnite’ to Bring His Work Into the Virtual World,Vivienne Chow,2022-01-20,artnet,On View,https://news.artnet.com/art-world/kaws-serpentine-fortnite-2061921
38,Burberry Just Released an A.R. App That Lets You Design Your Very Own Virtual Sculptures Featuring the Brand’s Iconic Imagery,Artnet News,2021-06-07,artnet,Style,https://news.artnet.com/style/burberry-ar-app-1977138
39,"Botanical Gardens Around the World Are Hosting Augmented Reality Artworks by Ai Weiwei, El Anatsui, and Other Artists This Fall",Artnet News,2021-07-01,artnet,Shows & Exhibitions,https://news.artnet.com/art-world/ar-artworks-ai-weiwei-el-anatsui-botanical-gardens-1985414
40,"Glenn Kaino, Mercedes Dorame, and Other Artists Are Making Augmented-Reality Monuments You Can See on Snapchat",Artnet News,2021-04-13,artnet,Art World,https://news.artnet.com/art-world/lacma-snapchat-virtual-monuments-1958785
41,I Spent Two Hours Inside the Met’s New Augmented-Reality Experience. Here’s a Minute-by-Minute Chronicle of My Edutainment Odyssey,Ben Davis,2021-01-13,artnet,Opinion,https://news.artnet.com/opinion/two-hours-inside-met-unframed-1936671
42,How Augmented Reality Can Revolutionize the Art World: A Conversation Between UCCA Director Philip Tinari and Daniel Birnbaum,Daniel Birnbaum & Philip Tinari,2020-12-15,artnet,On View,https://news.artnet.com/art-world/phil-tinari-daniel-birnbaum-ar-art-show-1931378
43,Art Basel Miami Beach’s Online Edition Sees Steady Sales as Dealers Seek Ways to Jazz Up the Staid Virtual Fair Format,Eileen Kinsella,2020-12-04,artnet,Art Fairs,https://news.artnet.com/market/art-basel-miami-beach-hed-here-here-here-tktktk-1928785
44,How Five Emerging Women Artists Are Tapping Into the Surrealism of the Moment to Escape Reality,Artnet Gallery Network,2020-11-18,artnet,Partner,https://news.artnet.com/partner-content/inner-escape-pave-contemporary-hofa-london
45,Want a Crash Course on the Chinese Art Market? Christie’s First-Ever Virtual Education Conference Tackles the Subject,Artnet Gallery Network,2020-11-18,artnet,Partner,https://news.artnet.com/partner-content/christies-first-virtual-education-conference-delves-into-the-chinese-art-market
46,Virtual Art Fairs Were Seen as a Lifeline in the Lockdown Era. A New Study Shows They Are Failing New York’s Art Market,Tim Schneider,2020-11-18,artnet,Analysis,https://news.artnet.com/market/new-york-art-market-online-viewing-rooms-1924575
47,What’s It Like to Actually Shop at a Virtual Art Fair? We Zoomed Along With a Collector to See What He Thinks of Frieze’s Inaugural Online Edition,Tim Schneider,2020-05-07,artnet,Art Fairs,https://news.artnet.com/market/frieze-viewing-rooms-chris-birchby-1854924
48,Why Artist Meriem Bennani’s Wildly Popular Videos About Two Chill Lizards Perfectly Capture the Weirdness of Our New Reality,Kate Brown,2020-04-27,artnet,People,https://news.artnet.com/art-world/meriem-bennani-2-lizards-1839054
49,Lisson Gallery Has Launched a New Augmented Reality Platform That Allows You to Test-Drive Art in Your Home Before You Buy It,Eileen Kinsella,2020-04-13,artnet,Market,https://news.artnet.com/market/lisson-gallery-and-massimo-de-carlo-augmented-reality-1832349
50,Literally Sit on Your Hands and 5 Other Pro Tips on How to Pull Off an Effective Virtual Studio Visit,Naomi Rea,2020-03-24,artnet,Art World,https://news.artnet.com/art-world/virtual-studio-visits-1810200
51,Dawn of the Online Biennial Era? The Biennale of Sydney Becomes the First Major International Art Show to Go Virtual,Naomi Rea,2020-03-23,artnet,Art World,https://news.artnet.com/art-world/the-biennale-of-sydney-is-moving-online-1811871
52,Museums Have Yet to Embrace Augmented Reality. But Microsoft Wants to Help Them Use It as a Tool for Education and Social Justice,Terence Trouillot,2019-12-18,artnet,On View,https://news.artnet.com/art-world/microsoft-ar-vr-art-museum-1737159
53,You Can Now Join Doctors as They Dissect a Corpse in Rembrandt’s Most Famous Painting Through Augmented Reality,Sarah Cascone,2019-03-19,artnet,On View,https://news.artnet.com/art-world/rembrandt-reality-augmented-reality-1490914
54,Why Apple’s New Augmented-Reality Collaboration With Famous Artists Won’t Help Us Reach the Next Stage of [AR]T,Ben Davis,2019-08-15,artnet,Opinion,https://news.artnet.com/opinion/apple-augmented-reality-art-1624540
55,Take a Virtual Tour of the Immersive Art Project That Brought the Swiss Jura Mountains Indoors at Art Basel,In Partnership with Audemars Piguet,2019-06-21,artnet,In the Studio,https://news.artnet.com/in-the-studio/audemars-piguet-lounge-2-1581916
56,Sculptor Antony Gormley’s First-Ever VR Artwork Will Take You on a Virtual Journey to the Moon,Sarah Cascone,2019-03-08,artnet,Shows & Exhibitions,https://news.artnet.com/art-world/antony-gormley-launches-vr-mission-moon-1483918
57,Paintings Stolen in America’s Biggest Art Heist Have Returned to Their Frames—Thanks to Augmented Reality,Sarah Cascone,2018-03-26,artnet,Art World,https://news.artnet.com/art-world/stolen-gardner-paintings-augmented-reality-1252211
58,Snapchat Unites With Jeff Koons for a Globe-Spanning Augmented Reality Sculpture Project,Sarah Cascone,2017-10-03,artnet,People,https://news.artnet.com/art-world/snapchat-reveals-massive-jeff-koons-sculptures-augmented-reality-partnership-1103774
59,"The Middle Market Squeeze, Part II: Galleries Get a Reality Check",Christian Viveros-Fauné,2016-10-17,artnet,Market,https://news.artnet.com/market/the-middle-market-squeeze-part-2-an-art-gallery-reality-check-703043
60,Björk is Back at the Museum With Immersive Reality Show at London’s Somerset House,Naomi Rea,2016-07-20,artnet,Shows & Exhibitions,https://news.artnet.com/art-world/bjork-immersive-reality-exhibition-london-564725
61,Museum Offers Virtual Voyage Through Vincent van Gogh’s Life,Christie Chu,2015-08-06,artnet,Shows & Exhibitions,https://news.artnet.com/art-world/museum-offers-virtual-voyage-vincent-van-goghs-life-323181
62,Asia-Pacific’s Largest Photography Fair Will Host Its Inaugural New York Edition Next Fall,Vittoria Benzine,2022-11-07,artnet,Art Fairs,https://news.artnet.com/market/asia-pacifics-largest-photography-fair-will-host-its-inaugural-new-york-edition-next-fall-2205676
63,How Artists Are Increasingly Blurring the Lines Between Fine Art and Video Games,Dorian Batycka,2022-06-15,artnet,Science & Tech,https://news.artnet.com/art-world/why-artists-are-increasingly-blurring-the-lines-between-fine-art-and-video-games-2127615
64,Rhizome Is Partnering With Hyundai on a Series of Ambitious New-Media Exhibitions Over the Next Two Years,Taylor Dafoe,2021-01-20,artnet,Art World,https://news.artnet.com/art-world/rhizome-hyundai-partnership-1938365
65,A Hong Kong Artist Commissioned Anonymous Painters to Render Her Sims Interiors on Canvas. The Results Are Unnerving,Artnet Gallery Network,2019-12-20,artnet,Partner,https://news.artnet.com/partner-content/mak-ying-tung-2-home-sweet-home
66,John Gerrard’s Chilling View of Solar Heat,Blake Gopnik,2014-10-28,artnet,Shows & Exhibitions,https://news.artnet.com/art-world/john-gerrards-chilling-view-of-solar-heat-146435
67,"As Artists Look for Alternatives to the ‘Limiting’ Aspects of Figuration, Art Historian David Getsy Surveys the Landscape of Queer Abstraction",Osman Can Yerebakan,2022-06-30,artnet,People,https://news.artnet.com/art-world/david-getsy-queering-abstraction-2137288
68,"A New VR App Lets Users Experience Five of the World’s Long-Lost Stolen Masterpieces, Including Works by Caravaggio and Manet",Dorian Batycka,2022-07-07,artnet,Science & Tech,https://news.artnet.com/art-world/the-stolen-art-gallery-app-2143497
69,‘No One Should Have the Power to Kill Us All’: Artist Pedro Reyes Is Mounting a Global Campaign for Nuclear Disarmament,Sarah Cascone,2022-05-19,artnet,Politics,https://news.artnet.com/art-world/pedro-reyes-nuclear-disarmament-frieze-2117450
70,Archaeologists Say the Prehistoric Magdalenian Peoples Used Firelight to Animate Their Carved Engravings,Caroline Goldstein,2022-04-25,artnet,Archaeology,https://news.artnet.com/art-world/ancient-art-by-firelight-2103829
71,Archaeologists Built a VR Version of a Luxurious Pompeii Home to Track What Interior Design Choices Draw the Most Eyeballs—Literally,Sarah Cascone,2022-03-24,artnet,Archaeology,https://news.artnet.com/art-world/pompeii-virtual-reality-2089517
72,Art Dubai Opens Its Largest Edition to Date With a Special Focus on Digital Art,Artnet Gallery Network,2022-03-10,artnet,Buyer's Guide,https://news.artnet.com/buyers-guide/art-dubai-2022-art-dubai-digital-2083118
73,"Zaha Hadid Architects Will Build a Metaverse for the Unrecognized, Real-Life Libertarian State of Liberland",Eileen Kinsella,2022-03-23,artnet,Politics,https://news.artnet.com/art-world/zaha-hadid-architects-leading-charge-building-libertarian-city-metaverse-2088785
74,Forget Making Art in the Studio. Artists Are Now Developing Their Latest Works in the Metaverse,Zachary Small,2022-01-04,artnet,Science & Tech,https://news.artnet.com/art-world/forget-making-art-studio-artists-now-developing-latest-works-metaverse-2052959
75,China Gets Its First Zaha Hadid Retrospective With a Blowout at the Modern Art Museum Shanghai—See Highlights Here,Artnet Gallery Network,2021-08-27,artnet,Gallery Network,https://news.artnet.com/buyers-guide/zaha-hadid-shanghai-2003455
76,‘Technology Is an Extension of Our Bodies’: Why David Cronenberg Made Video Art About His Own Death as His First NFT,Osman Can Yerebakan,2021-09-17,artnet,People,https://news.artnet.com/art-world/david-cronenberg-nft-2009962
77,"See French Artist Cyril Lancelin’s Dreamy, Interactive Sculpture, Commissioned by Porsche for the Paris Public",In Partnership With Porsche,2021-10-15,artnet,Art World,https://news.artnet.com/art-world/%e2%80%8b%e2%80%8bporsche-art-cyril-lancelin-paris-2020742
78,‘The Whole Thing Is an Art Project’: Meow Wolf Cofounders Explain the Grand Plan Behind Their Wildly Popular Immersive Art Universe,Sarah Cascone,2021-10-20,artnet,Art World,https://news.artnet.com/art-world/meow-wolf-interview-2011837
79,Artist Carsten Höller Is Debuting a Light and Vibration App at an NFT Rave That Might Make You High and Hallucinate,Amah-Rose Abrams,2021-11-04,artnet,Science & Tech,https://news.artnet.com/art-world/carsten-holler-app-nft-dreamverse-2030096
80,"Inside Luma Arles, the Van Gogh-Inspired Arts Tower That Took Mega-Collector Maja Hoffmann (and Frank Gehry) Over a Decade to Build",Anna Sansom,2021-06-28,artnet,Museums,https://news.artnet.com/art-world/luma-arles-opening-1984134
81,Two Immersive Van Gogh Experiences Offer the Post-Pandemic Escapism Visitors Crave. They Have Weirdly Little to Do With Van Gogh,Ben Davis,2021-06-24,artnet,Reviews,https://news.artnet.com/art-world/immersive-van-gogh-experiences-1983011
82,Some of the World’s Top Artists Are Trying Their Hand at NFTs. The World’s Top Galleries Are a Bit More Skeptical,Eileen Kinsella,2021-04-06,artnet,Galleries,https://news.artnet.com/market/galleries-give-green-light-nfts-artists-real-winners-1956422
83,‘We Inevitably Project Into It’: Watch Artist Cao Fei Explain Why Online Role-Playing Reveals a Person’s True Identity,Caroline Goldstein,2021-03-18,artnet,Art World,https://news.artnet.com/art-world/art21-cao-fei-1952919
84,"‘The Names of Artists Have Become Brands’: Christian Purser, CEO of Interbrand, On How Art Organizations Can Reimagine Themselves",Artnet Gallery Network,2021-02-25,artnet,Partner,https://news.artnet.com/partner-content/christian-purser-art-organizations-branding
85,"Three German Galleries Have Each Won €15,000 as Part of a New Prize Devoted to Digital Advancement in the Arts",Artnet Gallery Network,2020-12-04,artnet,Partner,https://news.artnet.com/partner-content/arte-generali-digital-leaders-award-2020
86,The Late British Pop Artist David Spiller Sought to ‘Put Some Magic on the Wall’. See His New Show of Colorful Paintings Here,Artnet Gallery Network,2020-11-20,artnet,Partner,https://news.artnet.com/partner-content/david-spiller-long-sharp-gallery
87,Laurene Powell Jobs Is Co-Funding a Global Tour of the Immersive VR Refugee Experience ‘Carne Y Arena’ to Combat ‘Division in Our Society’,Artnet News,2020-10-22,artnet,Shows & Exhibitions,https://news.artnet.com/art-world/carne-y-areba-alejandro-gonzalez-inarritu-1916802
88,"What’s Happening for Frieze Week in London Without the Frieze Fairs? Quite a Lot, as It Turns Out",Naomi Rea,2020-08-20,artnet,Art World,https://news.artnet.com/art-world/frieze-week-london-without-fairs-1903078
89,Sculptor Anton Bakker Finds Inspiration in Mathematical Principles. Now He’s Debuting His Scientific Sculptures at a Math Museum,Artnet Gallery Network,2020-08-19,artnet,Partner,https://news.artnet.com/partner-content/anton-bakker-sculptures-momath
90,‘Communication and Control Are Inextricably Linked’: Artist Cao Fei on How Technology Both Serves and Suppresses Humanity,Noor Brara,2020-08-18,artnet,People,https://news.artnet.com/art-world/cao-fei-blueprints-1901957
91,‘You Can’t Separate Yourself From Where You Come From’: Artist and Collector Linyao Kiki Liu on How Her International Upbringing Informed Her Career,Noor Brara,2020-07-28,artnet,People,https://news.artnet.com/art-world/linyao-kiki-liu-1897139
92,"‘We Wanted to Find a Way to Popularize Algerian Culture’: Ahlem Kebir, Founder of ‘Ineffable’ Magazine, On Giving a Voice to a New Generation of Artists",Artnet Gallery Network,2020-06-29,artnet,Partner,https://news.artnet.com/partner-content/ahlem-kebir-ineffable-magazine
93,A New Hamptons Art Fair Is Honoring 96-Year-Old Painter of Visionary Landscapes Richard Mayhew,Artnet Gallery Network,2020-06-30,artnet,Partner,https://news.artnet.com/partner-content/richard-mayhew-showhamptons-award
94,Forensic Architecture Will Use an ICA Exhibition to Present New Evidence About the Police Killing That Triggered the 2011 London Riots,Naomi Rea,2020-06-12,artnet,Shows & Exhibitions,https://news.artnet.com/art-world/forensic-architecture-mark-duggan-ica-london-1886013
95,German Artist Mia Florentine Weiss On Why Art Is Still The Barometer of Culture,Sophie Neuendorf,2020-06-02,artnet,Partner,https://news.artnet.com/partner-content/german-artist-mia-florentine-weiss-on-why-art-is-still-the-barometer-of-culture
96,"Your Brain May Not Be Able to Distinguish a Digital Reproduction of an Artwork From the Real Thing, a New Study Suggests",Sarah Cascone,2020-06-10,artnet,Art World,https://news.artnet.com/art-world/brain-digital-art-reproduction-study-1873623
97,Have We Already Gone From a Viewing-Room Boom to Viewing-Room Gloom? The Art World Feels the Strain of Too Many Online Events,Nate Freeman,2020-05-20,artnet,Art World,https://news.artnet.com/art-world/online-fair-overload-1866516
98,"Want to See Michelangelo Again? The Vatican Museums Are Reopening Next Week, But You’ll Need a Mask and Temp Check to Enter",Sarah Cascone,2020-05-11,artnet,Art World,https://news.artnet.com/art-world/vatican-museums-reopen-face-masks-1858110
99,"The Art World Works From Home: Gallerist Jack Shainman Rides Horses, Plans Exhibition Schedules, and Makes Omelettes in Isolation",Tatiana Berg,2020-04-17,artnet,People,https://news.artnet.com/art-world/the-art-world-works-from-home-jack-shainman-1836105
100,Forensic Architecture’s Founder on How the Group Used VR to Corroborate a Whistleblower’s Account of Human Rights Abuses in Israel,Terence Trouillot,2020-03-11,artnet,Art World,https://news.artnet.com/art-world/forensic-architecture-interview-1794126
101,Charting a Changing World One Loss at a Time,Gilda Williams,2020-10-20,artnews,Reviews,https://www.artnews.com/art-in-america/aia-reviews/cao-fei-virtual-reality-changing-world-1234574390/
102,Sarah Rothberg and Marina Zurkow’s Aquacentric Worldview Gets Tangled in Tech,Rob Arcand,2020-03-11,artnews,Reviews,https://www.artnews.com/art-in-america/aia-reviews/marina-zurkow-sarah-rothberg-oceans-vr-software-art-1202680642/
103,"Ways of Seeing: Using Virtual Reality, Mat Collishaw Shuttles Elegantly Between the Past and Future of Photography",Elizabeth Fullerton,2017-08-16,artnews,Reviews,https://www.artnews.com/art-news/reviews/ways-of-seeing-using-virtual-reality-mat-collishaw-shuttles-elegantly-between-the-past-and-future-of-photography-8831/
104,Daniel Steegmann Mangrané,David Ebony,2018-10-01,artnews,Reviews,https://www.artnews.com/art-in-america/aia-reviews/daniel-steegmann-mangrane-62561/
105,Harun Farocki,Anne Doran,2011-11-03,artnews,Reviews,https://www.artnews.com/art-in-america/aia-reviews/harun-farocki-61020/
106,Hardboiled: Stan Douglas’s Noir-ish Play Looks Great But Falls Flat,Bill Clarke,2014-10-20,artnews,Reviews,https://www.artnews.com/art-news/reviews/stan-douglas-play-helen-lawrence-falls-flat-2968/
107,Beach House: Katharina Grosse Brings a Masterpiece to the Sands of New York,Andrew Russeth,2016-07-05,artnews,Reviews,https://www.artnews.com/art-news/reviews/beach-house-katharina-grosse-brings-a-masterpiece-to-the-sands-of-new-york-6622/
108,Shannon Finley,Sabine Russ,2010-06-04,artnews,Reviews,https://www.artnews.com/art-in-america/aia-reviews/shannon-finley-60599/
109,Ed Atkins,James Cahill,2014-11-24,artnews,Reviews,https://www.artnews.com/art-in-america/aia-reviews/ed-atkins-2-61813/
110,Let’s Get Real: Tisch Abelow on Jordan Wolfson’s ‘Real Violence’ at the Whitney Biennial,Tisch Abelow,2017-05-02,artnews,Reviews,https://www.artnews.com/art-news/reviews/lets-get-real-tisch-abelow-on-jordan-wolfsons-real-violence-at-the-whitney-biennial-8227/
111,"In “Bicycle Thieves,” Themes of Labor Dovetailed with Current Political Concerns in Hong Kong",Dana Kopel,2019-10-01,artnews,Reviews,https://www.artnews.com/art-in-america/aia-reviews/bicycle-thieves-labor-dovetailed-current-political-concerns-in-hong-kong-62734/
112,"Crossing Over: Alejandro G. Iñárritu’s VR Piece About Traversing the U.S.-Mexico Border Comes to Washington, D.C.",Greg Allen,2018-03-26,artnews,Reviews,https://www.artnews.com/art-news/reviews/crossing-alejandro-g-inarritus-vr-piece-traversing-u-s-mexico-border-comes-washington-d-c-10027/
113,“Overview: The National Exhibition”,Brian Droitcour,2017-05-26,artnews,Reviews,https://www.artnews.com/art-in-america/aia-reviews/overview-the-national-exhibition-62348/
114,"Winding Back in Time: ‘Electronic Superhighway’ at Whitechapel Gallery, London",Elizabeth Fullerton,2016-06-10,artnews,Reviews,https://www.artnews.com/art-news/reviews/winding-back-in-time-electronic-superhighway-at-whitechapel-gallery-london-6455/
115,Virtually Artificial Communities: Around London,Jennifer Thatcher,2016-02-19,artnews,Reviews,https://www.artnews.com/art-news/reviews/virtually-artificial-communities-around-london-5866/
116,"The 2017 Whitney Biennial Is a Moving, Forward-Looking Tour de Force—a Triumph",Andrew Russeth,2017-03-14,artnews,Reviews,https://www.artnews.com/art-news/reviews/the-2017-whitney-biennial-is-a-moving-forward-looking-tour-de-force-a-triumph-7948/
117,Blow-Up: Exhibitions Around New York Erode the Boundary Between Film and Real Life,Alex Greenberger,2017-05-09,artnews,Reviews,https://www.artnews.com/art-news/reviews/blow-up-exhibitions-around-new-york-erode-the-boundary-between-film-and-real-life-8264/
118,"The 2015 New Museum Triennial Is a Pointed, Bracing Survey of Now",Andrew Russeth,2015-02-25,artnews,Reviews,https://www.artnews.com/art-news/news/the-2015-new-museum-triennial-is-a-pointed-bracing-survey-of-now-3666/
119,Victor Burgin,Federico Florian,2015-01-16,artnews,Reviews,https://www.artnews.com/art-in-america/aia-reviews/victor-burgin-61862/
120,"What Happens on Tour Stays on Tour: At an Exhausting Documenta, an Underwhelming Venice Biennale, an Enthralling Skulptur Projekte",Andrew Russeth,2017-09-25,artnews,Reviews,https://www.artnews.com/art-news/artists/what-happens-on-tour-stays-on-tour-at-an-exhausting-documenta-an-underwhelming-venice-biennale-an-enthralling-skupture-projekte-092517-9036/
121,Hong Kong Diary: Conservative Painting Shows and Nightmarish Reminders of Raw Reality Collide During Art Basel,Andrew Russeth,2023-04-25,artnews,Reviews,https://www.artnews.com/art-in-america/aia-reviews/hong-kong-diary-art-basel-1234665494/
122,Jon Rafman,Noah Dillon,2013-12-31,artnews,Reviews,https://www.artnews.com/art-in-america/aia-reviews/jon-rafman-61618/
123,Cao Fei,Gregory Volk,2016-05-26,artnews,Reviews,https://www.artnews.com/art-in-america/aia-reviews/cao-fei-3-62176/
124,Structures of Force: Denyse Thomasos at the Art Gallery of Ontario,Charlene K. Lau,2022-11-17,artnews,Reviews,https://www.artnews.com/art-in-america/aia-reviews/denyse-thomasos-art-gallery-of-ontario-1234646766/
125,John Lehr,Faye Hirsch,2013-06-02,artnews,Reviews,https://www.artnews.com/art-in-america/aia-reviews/john-lehr-61530/
126,"Reflected Illusions: Gerhard Richter Is Still the Alpha Male of Conceptual, Anti-Ideological Painting",Kim Levin,2017-04-07,artnews,Reviews,https://www.artnews.com/art-news/reviews/reflected-illusions-gerhard-richter-is-still-the-alpha-male-of-conceptual-anti-ideological-painting-8068/
127,Kiel Johnson,Janet Koplos,2010-02-23,artnews,Reviews,https://www.artnews.com/art-in-america/aia-reviews/kiel-johnson-60526/
128,Mohamed Bourouissa,Paul B. Franklin,2010-11-23,artnews,Reviews,https://www.artnews.com/art-in-america/aia-reviews/mohamed-bourouissa-60758/
129,Gianni Colombo,Megan Heuer,2013-06-02,artnews,Reviews,https://www.artnews.com/art-in-america/aia-reviews/gianni-colombo-61524/
130,Ulla von Brandenburg,Aoife Rosenmeyer,2016-04-21,artnews,Reviews,https://www.artnews.com/art-in-america/aia-reviews/ulla-von-brandenburg-62169/
131,Kochi-Muziris Biennale,Ratik Asokan,2019-04-01,artnews,Reviews,https://www.artnews.com/art-in-america/aia-reviews/kochi-muziris-biennale-2-2-62661/
132,Mohamed Bourouissa and Tobias Zielony,JennieHirsh,2012-02-07,artnews,Reviews,https://www.artnews.com/art-in-america/aia-reviews/mohamedbourouissaandtobiaszielony-61140/
133,“Uncanny Valley” Advocates a Sensual Understanding of Digital Life,Brian Karl,2020-04-09,artnews,Reviews,https://www.artnews.com/art-in-america/aia-reviews/uncanny-valley-de-young-artificial-intelligence-1202683466/
134,Coco Fusco,David Markus,2016-04-21,artnews,Reviews,https://www.artnews.com/art-in-america/aia-reviews/coco-fusco-62155/
135,Tala Madani,Gavin Kroeber,2016-04-21,artnews,Reviews,https://www.artnews.com/art-in-america/aia-reviews/tala-madani-2-62164/
136,Hilma af Klint,Gabriel Coxhead,2016-04-21,artnews,Reviews,https://www.artnews.com/art-in-america/aia-reviews/hilma-af-klint-62167/
137,Sanja Ivekovic,Gregory Volk,2012-02-23,artnews,Reviews,https://www.artnews.com/art-in-america/aia-reviews/sanja-ivekovic-61158/
138,Helen Marten,Aoife Rosenmeyer,2012-12-23,artnews,Reviews,https://www.artnews.com/art-in-america/aia-reviews/helen-marten-61422/
139,The Picture of What Is to Come,Michael Thomsen,2021-09-28,artnews,Reviews,https://www.artnews.com/art-in-america/aia-reviews/image-objects-jacob-gaboury-review-1234605012/
140,Frances Stark,Claire Barliant,2012-06-02,artnews,Reviews,https://www.artnews.com/art-in-america/aia-reviews/frances-stark-61252/
141,Technology and the Flesh,Dennis Zhou,2020-12-01,artnews,Reviews,https://www.artnews.com/art-in-america/aia-reviews/tishan-hsu-liquid-circuit-1234577543/
142,Overview: In The Aftermath,Ryan Holmberg,2016-04-21,artnews,Reviews,https://www.artnews.com/art-in-america/aia-reviews/overview-in-the-aftermath-62150/
143,The Venice Biennale Speaks to a World at a Tipping Point,Alexander Dumbadze,2019-09-05,artnews,Reviews,https://www.artnews.com/art-in-america/aia-reviews/venice-biennale-speaks-to-world-at-tipping-point-62717/
144,Matt Mullican at Brooke Alexander,Kim Levin,2014-10-01,artnews,Reviews,https://www.artnews.com/art-news/reviews/matt-mullican-at-brooke-alexander-2810/
145,Ed Atkins at Palais de Tokyo,Laurie Hurwitz,2014-09-02,artnews,Reviews,https://www.artnews.com/art-news/reviews/ed-atkins-at-palais-de-tokyo-2649/
146,Mary Wessel,Alice Thorson,2010-11-16,artnews,Reviews,https://www.artnews.com/art-in-america/aia-reviews/mary-wessel-60720/
147,Joshua Marsh,Faye Hirsch,2010-11-23,artnews,Reviews,https://www.artnews.com/art-in-america/aia-reviews/joshua-marsh-60735/
148,Nick Goss,James Cahill,2015-10-02,artnews,Reviews,https://www.artnews.com/art-in-america/aia-reviews/nick-goss-62016/
149,New Documentary Showcases Bill Traylor’s Bracing Visions of the Past and the Present,Maximilíano Durón,2021-04-16,artnews,Reviews,https://www.artnews.com/art-news/reviews/bill-traylor-chasing-ghosts-review-1234590143/
150,Evelyn Statsinger,Kyle MacMillan,2015-12-08,artnews,Reviews,https://www.artnews.com/art-in-america/aia-reviews/evelyn-statsinger-62076/
151,“Architecture of Life”,Matt Sussman,2016-04-21,artnews,Reviews,https://www.artnews.com/art-in-america/aia-reviews/architecture-of-life-62166/
152,Park McArthur,Elizabeth Fullerton,2016-04-21,artnews,Reviews,https://www.artnews.com/art-in-america/aia-reviews/park-mcarthur-62168/
153,Otto Piene,David Ebony,2016-04-21,artnews,Reviews,https://www.artnews.com/art-in-america/aia-reviews/otto-piene-2-62152/
154,Carrie Moyer,Julian Kreimer,2016-04-21,artnews,Reviews,https://www.artnews.com/art-in-america/aia-reviews/carrie-moyer-2-62151/
155,Jonathan Lasker,Charles M. Schultz,2016-04-21,artnews,Reviews,https://www.artnews.com/art-in-america/aia-reviews/jonathan-lasker-62154/
156,Heidi Hahn,Julia Wolkoff,2016-04-21,artnews,Reviews,https://www.artnews.com/art-in-america/aia-reviews/heidi-hahn-62158/
157,Ana Mendieta,Max Rosenberg,2016-04-21,artnews,Reviews,https://www.artnews.com/art-in-america/aia-reviews/ana-mendieta-3-62153/
158,Sanford Biggers,Lauren DeLand,2016-04-21,artnews,Reviews,https://www.artnews.com/art-in-america/aia-reviews/sanford-biggers-2-62163/
159,Lena Henke,Sam Korman,2016-04-21,artnews,Reviews,https://www.artnews.com/art-in-america/aia-reviews/lena-henke-62160/
160,Pat Passlof,Jeff Frederick,2012-02-07,artnews,Reviews,https://www.artnews.com/art-in-america/aia-reviews/pat-passlof-61136/
161,Diana Thater,Jonathan Griffin,2016-01-27,artnews,Reviews,https://www.artnews.com/art-in-america/aia-reviews/diana-thater-62086/
162,Mark Bradford,Wendy Vogel,2016-01-27,artnews,Reviews,https://www.artnews.com/art-in-america/aia-reviews/mark-bradford-62088/
163,Andrew Masullo,FrancineKoslowMiller,2012-02-07,artnews,Reviews,https://www.artnews.com/art-in-america/aia-reviews/andrewmasullo-61139/
164,Zefrey Throwell,David Markus,2012-02-23,artnews,Reviews,https://www.artnews.com/art-in-america/aia-reviews/zefrey-throwell-61157/
165,Esther Klas,Brian Boucher,2012-02-23,artnews,Reviews,https://www.artnews.com/art-in-america/aia-reviews/esther-klas-61159/
166,Jessica Eaton,Anne Doran,2012-02-23,artnews,Reviews,https://www.artnews.com/art-in-america/aia-reviews/jessica-eaton-61155/
167,Rona Yefman,Anne Doran,2012-02-23,artnews,Reviews,https://www.artnews.com/art-in-america/aia-reviews/rona-yefman-61160/
168,One Work: Aria Dean’s “Suite!”,Travis Diehl,2021-08-13,artnews,Reviews,https://www.artnews.com/art-in-america/aia-reviews/aria-dean-suite-redcat-kudzu-1234601525/
169,Matt Stokes,Gabriel Coxhead,2015-06-03,artnews,Reviews,https://www.artnews.com/art-in-america/aia-reviews/matt-stokes-61972/
170,Deana Lawson,Lauren DeLand,2015-12-08,artnews,Reviews,https://www.artnews.com/art-in-america/aia-reviews/deana-lawson-62077/
171,The Road Less Traveled: A Few Reviews From Slightly Out-of-the-Way Galleries,Andrew Russeth,2015-12-11,artnews,Reviews,https://www.artnews.com/art-news/news/the-road-less-traveled-a-few-reviews-from-slightly-out-of-the-way-galleries-5516/
172,Cringe No More: An Online MoMA Exhibition Recasts Home Movies as Worthy of Critical Attention,Hannah Stamler,2020-05-06,artnews,Reviews,https://www.artnews.com/art-in-america/aia-reviews/moma-online-exhibition-virtual-views-home-movies-private-lives-public-spaces-1202686090/
173,"John Cage, Man of Music—and Mushrooms",Max Pearl,2020-05-31,artnews,Reviews,https://www.artnews.com/art-in-america/aia-reviews/john-cage-mycological-foray-variations-on-mushrooms-1202689259/
174,Channa Horwitz,Jennifer S. Li,2016-04-21,artnews,Reviews,https://www.artnews.com/art-in-america/aia-reviews/channa-horwitz-62165/
175,Chiming Cuckoos: Chadwick Rantanen at Essex Street,Alex Greenberger,2016-04-22,artnews,Reviews,https://www.artnews.com/art-news/reviews/chiming-cuckoos-chadwick-rantanen-at-essex-street-6214/